species,study_block,diet_name,Dieta,Tratamiento,Replica,byproduct_type,inclusion_pct,water_condition,processing,Proteína (%)_media,Proteína (%)_sd,Grasa (%)_media,Grasa (%)_sd,Fibra (%)_media,Fibra (%)_sd,Cenizas (%)_media,Cenizas (%)_sd,Carbohidratos (%)_media,Carbohidratos (%)_sd,ratio_P_C,ratio_P_F,ratio_Fibra_Grasa,TPC_dieta_media,TPC_dieta_sd,TPC_larva_media,TPC_larva_sd,FCR,Ganancia de peso (mg) por larva,Ganancia de peso (mg) media diaria por larva,Reducción (%) del sustrato (reducción de la masa de dieta suministrada),Reducción diaria (%) del sustrato (reducción diaria de la masa de dieta suministrada),Peso total de las larvas (g) al finalizar el periodo de alimentación,Peso total del sustrato (g) al finalizar el periodo de alimentación,PROTEINA (%),GRASA (%),QUITINA (%),CENIZAS (%),CARBOHIDRATOS (%),TPC_dieta_media__dup1,TPC_dieta_sd__dup1,TPC_larva_media__dup1,TPC_larva_sd__dup1,Tratamiento_prod,Dieta_comp_prod,Trat_comp_prod,Tratamiento_larv,Dieta_comp_larv,Trat_comp_larv,Dieta_comp,Trat_comp
Tenebrio,main,Control,Control,0,1,control,0,none,none,14.567601466918289,0.33906996252867083,2.8470480933175835,0.06518742527810235,2.4154389118111905,0.17852236612128386,3.138910062044822,0.07968738423936417,77.03100146590812,0.4410624504853927,0.18911348924063415,5.116738807858733,0.8484011624111867,0.2319347983131488,0.002182461539146465,0.3212294016333334,0.023088188848924034,2.965587044534413,,,34.18333333333333,4.883333333333333,836,3949,42.724277530166994,37.21874881210539,5.8798904035482735,3.7333780778124415,10.44370517636689,0.2319347983131488,0.002182461539146465,0.3212294016333334,0.023088188848924034,0,Control,0,0,Control,0,Control,0
Tenebrio,main,Control,Control,0,2,control,0,none,none,14.567601466918289,0.33906996252867083,2.8470480933175835,0.06518742527810235,2.4154389118111905,0.17852236612128386,3.138910062044822,0.07968738423936417,77.03100146590812,0.4410624504853927,0.18911348924063415,5.116738807858733,0.8484011624111867,0.2319347983131488,0.002182461539146465,0.3212294016333334,0.023088188848924034,2.773211240339853,41.5,0.8469387755102041,30.083333333333332,4.2976190476190474,723,4195,43.79839302328586,32.10592821785295,6.668637096087661,4.028977597116049,13.39806406565748,0.2319347983131488,0.002182461539146465,0.3212294016333334,0.023088188848924034,0,Control,0,0,Control,0,Control,0
Tenebrio,main,Control,Control,0,3,control,0,none,none,14.567601466918289,0.33906996252867083,2.8470480933175835,0.06518742527810235,2.4154389118111905,0.17852236612128386,3.138910062044822,0.07968738423936417,77.03100146590812,0.4410624504853927,0.18911348924063415,5.116738807858733,0.8484011624111867,0.2319347983131488,0.002182461539146465,0.3212294016333334,0.023088188848924034,2.7272050614067735,48,0.9795918367346939,30.533333333333335,4.361904761904762,745,4168,43.331882423179295,36.23092047764757,6.428087807488559,4.041571224978478,9.967538066706098,0.2319347983131488,0.002182461539146465,0.3212294016333334,0.023088188848924034,0,Control,0,0,Control,0,Control,0
Tenebrio,main,Hoja15,Hoja15,1,1,hoja,15,none,none,12.911599935501046,0.18651161029155525,2.4773066004253903,0.10457292781008963,3.813707076257758,0.15137718871719116,2.71744111467461,0.22872885775625615,78.07994527314119,0.4408832842757676,0.16536384458689576,5.211950726358995,1.539457035961107,0.9937190613754217,0.052005898814380946,0.36392556179999996,0.029127622514583496,2.542555483731954,37.1,0.7571428571428571,21.633333333333333,3.0904761904761906,613,4702,44.59966850546592,35.773418622197916,5.862070596691548,4.1102444345604585,9.654597841084154,0.9937190613754217,0.052005898814380946,0.36392556179999996,0.029127622514583496,1,Hoja15,1,1,Hoja15,1,Hoja15,1
Tenebrio,main,Hoja15,Hoja15,1,2,hoja,15,none,none,12.911599935501046,0.18651161029155525,2.4773066004253903,0.10457292781008963,3.813707076257758,0.15137718871719116,2.71744111467461,0.22872885775625615,78.07994527314119,0.4408832842757676,0.16536384458689576,5.211950726358995,1.539457035961107,0.9937190613754217,0.052005898814380946,0.36392556179999996,0.029127622514583496,2.85569410191993,37.8,0.7714285714285714,20.65,2.9499999999999997,506,4761,48.58207253144869,33.395068094131915,6.009969378450107,4.40893994462423,7.603950051345066,0.9937190613754217,0.052005898814380946,0.36392556179999996,0.029127622514583496,1,Hoja15,1,1,Hoja15,1,Hoja15,1
Tenebrio,main,Hoja15,Hoja15,1,3,hoja,15,none,none,12.911599935501046,0.18651161029155525,2.4773066004253903,0.10457292781008963,3.813707076257758,0.15137718871719116,2.71744111467461,0.22872885775625615,78.07994527314119,0.4408832842757676,0.16536384458689576,5.211950726358995,1.539457035961107,0.9937190613754217,0.052005898814380946,0.36392556179999996,0.029127622514583496,2.585823550337958,40.300000000000004,0.8224489795918368,19.383333333333333,2.769047619047619,523,4837,43.98309530729985,34.50104066350727,5.637252899447334,3.883090490322655,11.995520639422892,0.9937190613754217,0.052005898814380946,0.36392556179999996,0.029127622514583496,1,Hoja15,1,1,Hoja15,1,Hoja15,1
Tenebrio,main,Hoja30,Hoja30,2,1,hoja,30,none,none,11.924123246829746,0.19353356212514738,2.7462504293267767,0.04897639094433392,5.037089982846193,0.08167465680920993,3.4822581363481775,0.26151532270186884,76.81027820464911,0.0384370419303048,0.15524124538463152,4.341965000530872,1.834169939148994,1.733933803001073,0.01974932559868793,0.3993213173333334,0.023432252821544777,2.5210622417272637,24.6,0.5020408163265306,13.116666666666667,1.8738095238095238,379,5213,43.64443148041813,32.423159147871544,6.037027493873164,4.742643106017828,13.15273877181933,1.733933803001073,0.01974932559868793,0.3993213173333334,0.023432252821544777,2,Hoja30,2,2,Hoja30,2,Hoja30,2
Tenebrio,main,Hoja30,Hoja30,2,2,hoja,30,none,none,11.924123246829746,0.19353356212514738,2.7462504293267767,0.04897639094433392,5.037089982846193,0.08167465680920993,3.4822581363481775,0.26151532270186884,76.81027820464911,0.0384370419303048,0.15524124538463152,4.341965000530872,1.834169939148994,1.733933803001073,0.01974932559868793,0.3993213173333334,0.023432252821544777,2.4972081640411528,34.699999999999996,0.7081632653061224,17.516666666666666,2.5023809523809524,493,4949,45.32322480412907,30.989301709004195,7.481259946293903,4.295030103417098,11.911183437155728,1.733933803001073,0.01974932559868793,0.3993213173333334,0.023432252821544777,2,Hoja30,2,2,Hoja30,2,Hoja30,2
Tenebrio,main,Hoja30,Hoja30,2,3,hoja,30,none,none,11.924123246829746,0.19353356212514738,2.7462504293267767,0.04897639094433392,5.037089982846193,0.08167465680920993,3.4822581363481775,0.26151532270186884,76.81027820464911,0.0384370419303048,0.15524124538463152,4.341965000530872,1.834169939148994,1.733933803001073,0.01974932559868793,0.3993213173333334,0.023432252821544777,2.2281908624989724,30.1,0.6142857142857143,13.55,1.9357142857142857,414,5187,42.43389586090185,30.848557757974767,7.133568117278421,4.1853961879715404,15.398582075873435,1.733933803001073,0.01974932559868793,0.3993213173333334,0.023432252821544777,2,Hoja30,2,2,Hoja30,2,Hoja30,2
Tenebrio,main,Hoja50,Hoja50,3,1,hoja,50,none,none,10.49072671409911,0.10668408454448247,2.6211503194283647,0.14910195628900139,6.562415910266292,0.1594598544723048,4.510954301923732,0.14919109184229323,75.81475275428251,0.10809334164731511,0.13837315737347075,4.0023369267837285,2.503639665998805,2.537919739777159,0.02021258366716269,0.45009311341666675,0.021669972613405614,2.445388349514563,22.8,0.4653061224489796,13.433333333333334,1.9190476190476191,454,5194,43.13594119232716,34.18133233108144,6.311017146868964,3.9342717069238016,12.43743762279864,2.537919739777159,0.02021258366716269,0.45009311341666675,0.021669972613405614,3,Hoja50,3,3,Hoja50,3,Hoja50,3
Tenebrio,main,Hoja50,Hoja50,3,2,hoja,50,none,none,10.49072671409911,0.10668408454448247,2.6211503194283647,0.14910195628900139,6.562415910266292,0.1594598544723048,4.510954301923732,0.14919109184229323,75.81475275428251,0.10809334164731511,0.13837315737347075,4.0023369267837285,2.503639665998805,2.537919739777159,0.02021258366716269,0.45009311341666675,0.021669972613405614,2.3466320535592295,20.6,0.42040816326530617,11.45,1.6357142857142857,366,5313,44.6843260049324,32.938681139309004,6.168351228545336,4.422540942147262,11.786100685066003,2.537919739777159,0.02021258366716269,0.45009311341666675,0.021669972613405614,3,Hoja50,3,3,Hoja50,3,Hoja50,3
Tenebrio,main,Hoja50,Hoja50,3,3,hoja,50,none,none,10.49072671409911,0.10668408454448247,2.6211503194283647,0.14910195628900139,6.562415910266292,0.1594598544723048,4.510954301923732,0.14919109184229323,75.81475275428251,0.10809334164731511,0.13837315737347075,4.0023369267837285,2.503639665998805,2.537919739777159,0.02021258366716269,0.45009311341666675,0.021669972613405614,2.0746316610822966,24.299999999999997,0.4959183673469387,7.533333333333333,1.0761904761904761,267,5548,42.989985228223965,30.83825771737037,6.4980801744831735,4.150126075016483,15.523550804905994,2.537919739777159,0.02021258366716269,0.45009311341666675,0.021669972613405614,3,Hoja50,3,3,Hoja50,3,Hoja50,3
Tenebrio,main,Orujo30,Orujo30,4,1,orujo,30,none,none,14.000435520044528,0.19816943268451062,6.40371155516793,0.1558387073775635,7.682135902557192,0.18211188143382576,6.607263314158428,0.09741891007910292,65.30645370807191,0.44948054631571455,0.21438058147558037,2.186300147880003,1.1996380280991181,0.8428948276067639,0.08326475592278439,0.3164872039166667,0.018574988219418487,3.1439875653525506,,,22.25,3.1785714285714284,569,4665,44.05632136428663,32.53426521432142,6.992211302441498,4.133463033246155,12.283739085704283,0.8428948276067639,0.08326475592278439,0.3164872039166667,0.018574988219418487,4,Orujo30,4,4,Orujo30,4,Orujo30,4
Tenebrio,main,Orujo30,Orujo30,4,2,orujo,30,none,none,14.000435520044528,0.19816943268451062,6.40371155516793,0.1558387073775635,7.682135902557192,0.18211188143382576,6.607263314158428,0.09741891007910292,65.30645370807191,0.44948054631571455,0.21438058147558037,2.186300147880003,1.1996380280991181,0.8428948276067639,0.08326475592278439,0.3164872039166667,0.018574988219418487,2.836584452855301,40.2,0.8204081632653062,22.733333333333334,3.2476190476190476,553,4636,47.979408918219136,24.120122407459732,7.846078090856664,4.5837519356388015,15.470638647825666,0.8428948276067639,0.08326475592278439,0.3164872039166667,0.018574988219418487,4,Orujo30,4,4,Orujo30,4,Orujo30,4
Tenebrio,main,Orujo30,Orujo30,4,3,orujo,30,none,none,14.000435520044528,0.19816943268451062,6.40371155516793,0.1558387073775635,7.682135902557192,0.18211188143382576,6.607263314158428,0.09741891007910292,65.30645370807191,0.44948054631571455,0.21438058147558037,2.186300147880003,1.1996380280991181,0.8428948276067639,0.08326475592278439,0.3164872039166667,0.018574988219418487,2.915674130538352,46.3,0.9448979591836734,25.5,3.642857142857143,598,4470,47.50313823303477,27.32239382072027,6.047549482709854,4.1449752235759485,14.98194323995915,0.8428948276067639,0.08326475592278439,0.3164872039166667,0.018574988219418487,4,Orujo30,4,4,Orujo30,4,Orujo30,4
Tenebrio,main,Orujo50,Orujo50,5,1,orujo,50,none,none,13.371655848653822,0.14580611475837912,7.36504855744731,0.09653505161392979,12.0426274579943,0.5024576026447334,7.349179870575187,0.16141691216250995,59.87148826532938,0.5665567735697772,0.22333929280988213,1.815555694487963,1.635104964218758,1.190755286633752,0.03839849552646363,0.37229622903333337,0.02388389831739448,2.5304478625843077,31.099999999999998,0.6346938775510204,17.383333333333333,2.4833333333333334,479,4957,46.60615150745108,29.508676757486988,6.883878124957462,4.402752230845754,12.59854137925872,1.190755286633752,0.03839849552646363,0.37229622903333337,0.02388389831739448,5,Orujo50,5,5,Orujo50,5,Orujo50,5
Tenebrio,main,Orujo50,Orujo50,5,2,orujo,50,none,none,13.371655848653822,0.14580611475837912,7.36504855744731,0.09653505161392979,12.0426274579943,0.5024576026447334,7.349179870575187,0.16141691216250995,59.87148826532938,0.5665567735697772,0.22333929280988213,1.815555694487963,1.635104964218758,1.190755286633752,0.03839849552646363,0.37229622903333337,0.02388389831739448,2.5634586812312974,35.800000000000004,0.7306122448979593,20.416666666666668,2.916666666666667,550,4775,47.61168446896416,27.051914450448447,7.148426506261756,4.150758910564774,14.037215663760861,1.190755286633752,0.03839849552646363,0.37229622903333337,0.02388389831739448,5,Orujo50,5,5,Orujo50,5,Orujo50,5
Tenebrio,main,Orujo50,Orujo50,5,3,orujo,50,none,none,13.371655848653822,0.14580611475837912,7.36504855744731,0.09653505161392979,12.0426274579943,0.5024576026447334,7.349179870575187,0.16141691216250995,59.87148826532938,0.5665567735697772,0.22333929280988213,1.815555694487963,1.635104964218758,1.190755286633752,0.03839849552646363,0.37229622903333337,0.02388389831739448,2.8655432683868702,33.6,0.6857142857142857,21.766666666666666,3.1095238095238096,529,4694,47.14274409630263,27.92738392652484,10.116941650332688,4.380697809636178,10.432232517203659,1.190755286633752,0.03839849552646363,0.37229622903333337,0.02388389831739448,5,Orujo50,5,5,Orujo50,5,Orujo50,5
Tenebrio,main,Orujo70,Orujo70,6,1,orujo,70,none,none,13.198231100112396,0.4294138637618748,9.127437486218383,0.0629813889658407,12.565106575312123,0.25963188440281143,9.405016051953547,0.22053035612330954,55.70420878640354,0.6086308129416571,0.23693418123432466,1.4459952336064255,1.3766302529361953,1.5938720152395927,0.004214679260188941,0.3561315510333333,0.023620310614804595,2.749743155859068,22.9,0.4673469387755102,15.166666666666666,2.1666666666666665,420,5090,42.989125105205865,33.99639297229771,8.500363988375387,4.012278194599919,10.501839739521131,1.5938720152395927,0.004214679260188941,0.3561315510333333,0.023620310614804595,6,Orujo70,6,6,Orujo70,6,Orujo70,6
Tenebrio,main,Orujo70,Orujo70,6,2,orujo,70,none,none,13.198231100112396,0.4294138637618748,9.127437486218383,0.0629813889658407,12.565106575312123,0.25963188440281143,9.405016051953547,0.22053035612330954,55.70420878640354,0.6086308129416571,0.23693418123432466,1.4459952336064255,1.3766302529361953,1.5938720152395927,0.004214679260188941,0.3561315510333333,0.023620310614804595,2.5230927129661307,28.500000000000004,0.5816326530612246,14.75,2.107142857142857,424,5115,42.37318058656684,34.44676906613139,6.555086363557343,3.8440833067265294,12.780880677017905,1.5938720152395927,0.004214679260188941,0.3561315510333333,0.023620310614804595,6,Orujo70,6,6,Orujo70,6,Orujo70,6
Tenebrio,main,Orujo70,Orujo70,6,3,orujo,70,none,none,13.198231100112396,0.4294138637618748,9.127437486218383,0.0629813889658407,12.565106575312123,0.25963188440281143,9.405016051953547,0.22053035612330954,55.70420878640354,0.6086308129416571,0.23693418123432466,1.4459952336064255,1.3766302529361953,1.5938720152395927,0.004214679260188941,0.3561315510333333,0.023620310614804595,2.2543319653442775,30.599999999999994,0.6244897959183673,13.183333333333334,1.8833333333333333,400,5209,42.75088782983994,34.08731059209573,5.949504661161125,4.124007728807891,13.088289188095303,1.5938720152395927,0.004214679260188941,0.3561315510333333,0.023620310614804595,6,Orujo70,6,6,Orujo70,6,Orujo70,6
Tenebrio,main,Orujo90,Orujo90,7,1,orujo,90,none,none,13.624580916264671,0.2370019323319747,10.643031676665474,0.11494175407915161,15.076772212018474,0.1641570030700925,11.438657140056351,0.09839439228939188,49.216958054995025,0.2706935639036396,0.27682696076097524,1.280140972063078,1.416586238775728,2.1321173694778,0.04515570988394527,0.382553387,0.04350753035799807,1.7942372282128336,13.100000000000001,0.26734693877551025,3.3833333333333333,0.48333333333333334,192,5797,42.63455462687377,32.956875767682824,8.807751346209187,4.191650942866424,11.409167316367785,2.1321173694778,0.04515570988394527,0.382553387,0.04350753035799807,7,Orujo90,7,7,Orujo90,7,Orujo90,7
Tenebrio,main,Orujo90,Orujo90,7,2,orujo,90,none,none,13.624580916264671,0.2370019323319747,10.643031676665474,0.11494175407915161,15.076772212018474,0.1641570030700925,11.438657140056351,0.09839439228939188,49.216958054995025,0.2706935639036396,0.27682696076097524,1.280140972063078,1.416586238775728,2.1321173694778,0.04515570988394527,0.382553387,0.04350753035799807,1.4951830443159924,13.600000000000001,0.2775510204081633,3.2333333333333334,0.46190476190476193,203,5806,39.460902260956324,36.75361933491248,6.090475914216538,3.8532892046135045,13.841713285301154,2.1321173694778,0.04515570988394527,0.382553387,0.04350753035799807,7,Orujo90,7,7,Orujo90,7,Orujo90,7
Tenebrio,main,Orujo90,Orujo90,7,3,orujo,90,none,none,13.624580916264671,0.2370019323319747,10.643031676665474,0.11494175407915161,15.076772212018474,0.1641570030700925,11.438657140056351,0.09839439228939188,49.216958054995025,0.2706935639036396,0.27682696076097524,1.280140972063078,1.416586238775728,2.1321173694778,0.04515570988394527,0.382553387,0.04350753035799807,0.9210908035973311,14.100000000000001,0.28775510204081634,2.1166666666666667,0.30238095238095236,187,5873,40.31920976729068,38.162749725991816,7.053806956232671,4.179515603443159,10.28471794704167,2.1321173694778,0.04515570988394527,0.382553387,0.04350753035799807,7,Orujo90,7,7,Orujo90,7,Orujo90,7
Tenebrio,main,Quinoa15,Quinoa15,8,1,quinoa,15,none,none,13.348475514810232,0.1323462387564848,3.05089285903678,0.033465270250168475,3.0695304507899555,0.05242711936209403,4.5870887119669925,0.12722016260607913,75.94401246339605,0.26440844080950465,0.17576731965859732,4.375268530086821,1.0061088974979802,0.20085973621668804,0.022879377224978726,0.410192565,0.02257171173175996,2.83375104427736,41.8,0.8530612244897958,28.266666666666666,4.038095238095238,701,4304,46.2406551012102,32.69881761846702,5.768720325642685,3.800347262171457,11.491459692508641,0.20085973621668804,0.022879377224978726,0.410192565,0.02257171173175996,8,Quinoa15,8,8,Quinoa15,8,Quinoa15,8
Tenebrio,main,Quinoa15,Quinoa15,8,2,quinoa,15,none,none,13.348475514810232,0.1323462387564848,3.05089285903678,0.033465270250168475,3.0695304507899555,0.05242711936209403,4.5870887119669925,0.12722016260607913,75.94401246339605,0.26440844080950465,0.17576731965859732,4.375268530086821,1.0061088974979802,0.20085973621668804,0.022879377224978726,0.410192565,0.02257171173175996,2.6749991148249124,42.2,0.8612244897959185,25.183333333333334,3.5976190476190477,637,4489,49.74165607410812,30.63557591384245,7.31465175744426,4.1887923497634505,8.119323904841707,0.20085973621668804,0.022879377224978726,0.410192565,0.02257171173175996,8,Quinoa15,8,8,Quinoa15,8,Quinoa15,8
Tenebrio,main,Quinoa15,Quinoa15,8,3,quinoa,15,none,none,13.348475514810232,0.1323462387564848,3.05089285903678,0.033465270250168475,3.0695304507899555,0.05242711936209403,4.5870887119669925,0.12722016260607913,75.94401246339605,0.26440844080950465,0.17576731965859732,4.375268530086821,1.0061088974979802,0.20085973621668804,0.022879377224978726,0.410192565,0.02257171173175996,2.7636509635974305,40.2,0.8204081632653062,27.533333333333335,3.9333333333333336,671,4348,49.0536857059127,29.099518279375918,10.442533313061864,3.9243865188709446,7.4798761827785825,0.20085973621668804,0.022879377224978726,0.410192565,0.02257171173175996,8,Quinoa15,8,8,Quinoa15,8,Quinoa15,8
Tenebrio,main,Quinoa30,Quinoa30,9,1,quinoa,30,none,none,12.378629282271184,0.12891135655875782,2.984267908635539,0.071586706641599,2.943067844201772,0.13588288237585938,5.874906566151329,0.13272677696929425,75.81912839874018,0.013106746889183802,0.1632652543454571,4.147961798755165,0.9861942474016671,0.254905602260889,0.005866738044077139,0.38109600000000005,0.011090279793404654,2.5201565373190626,32.8,0.6693877551020407,17.816666666666666,2.545238095238095,491,4931,47.1681642185215,33.20391278425148,9.3191711062626,3.888058692107834,6.420693198856583,0.254905602260889,0.005866738044077139,0.38109600000000005,0.011090279793404654,9,Quinoa30,9,9,Quinoa30,9,Quinoa30,9
Tenebrio,main,Quinoa30,Quinoa30,9,2,quinoa,30,none,none,12.378629282271184,0.12891135655875782,2.984267908635539,0.071586706641599,2.943067844201772,0.13588288237585938,5.874906566151329,0.13272677696929425,75.81912839874018,0.013106746889183802,0.1632652543454571,4.147961798755165,0.9861942474016671,0.254905602260889,0.005866738044077139,0.38109600000000005,0.011090279793404654,2.403267986332487,39.099999999999994,0.7979591836734693,20.983333333333334,2.9976190476190476,596,4741,45.28074275235599,32.78425694487049,8.866924121950758,3.629520991353168,9.438555189469582,0.254905602260889,0.005866738044077139,0.38109600000000005,0.011090279793404654,9,Quinoa30,9,9,Quinoa30,9,Quinoa30,9
Tenebrio,main,Quinoa30,Quinoa30,9,3,quinoa,30,none,none,12.378629282271184,0.12891135655875782,2.984267908635539,0.071586706641599,2.943067844201772,0.13588288237585938,5.874906566151329,0.13272677696929425,75.81912839874018,0.013106746889183802,0.1632652543454571,4.147961798755165,0.9861942474016671,0.254905602260889,0.005866738044077139,0.38109600000000005,0.011090279793404654,2.3184612148549792,28.2,0.5755102040816327,16.533333333333335,2.361904761904762,477,5008,47.27488115350477,29.226915285368946,7.436174337613637,4.247043749242199,11.814985474270443,0.254905602260889,0.005866738044077139,0.38109600000000005,0.011090279793404654,9,Quinoa30,9,9,Quinoa30,9,Quinoa30,9
Tenebrio,main,Quinoa50,Quinoa50,10,1,quinoa,50,none,none,11.234353513755332,0.12687778819808443,2.8406258372222575,0.045646676549768714,2.852651813388301,0.11493394257768662,8.00136826614673,0.06446206864985822,75.07100056948738,0.19699233436536426,0.1496497106543367,3.9548867600039115,1.004233565719378,0.28632851350322497,0.013634691119201181,0.36937492000000005,0.0827569352599437,2.2424178378949593,24.1,0.49183673469387756,17.683333333333334,2.526190476190476,552,4939,46.3907897545748,31.275974631820496,7.073152725479268,3.9162862247708317,11.343796663354595,0.28632851350322497,0.013634691119201181,0.36937492000000005,0.0827569352599437,10,Quinoa50,10,10,Quinoa50,10,Quinoa50,10
Tenebrio,main,Quinoa50,Quinoa50,10,2,quinoa,50,none,none,11.234353513755332,0.12687778819808443,2.8406258372222575,0.045646676549768714,2.852651813388301,0.11493394257768662,8.00136826614673,0.06446206864985822,75.07100056948738,0.19699233436536426,0.1496497106543367,3.9548867600039115,1.004233565719378,0.28632851350322497,0.013634691119201181,0.36937492000000005,0.0827569352599437,2.4614702295154673,24.3,0.4959183673469388,14.8,2.1142857142857143,434,5112,46.509235603005465,29.92601819942621,9.073497848169131,3.938829502556922,10.552418846842272,0.28632851350322497,0.013634691119201181,0.36937492000000005,0.0827569352599437,10,Quinoa50,10,10,Quinoa50,10,Quinoa50,10
Tenebrio,main,Quinoa50,Quinoa50,10,3,quinoa,50,none,none,11.234353513755332,0.12687778819808443,2.8406258372222575,0.045646676549768714,2.852651813388301,0.11493394257768662,8.00136826614673,0.06446206864985822,75.07100056948738,0.19699233436536426,0.1496497106543367,3.9548867600039115,1.004233565719378,0.28632851350322497,0.013634691119201181,0.36937492000000005,0.0827569352599437,2.145862056775197,22.6,0.4612244897959184,10.116666666666667,1.4452380952380952,332,5393,47.25724338022376,28.079591310811654,9.561202660907771,4.118186113649973,10.983776534406843,0.28632851350322497,0.013634691119201181,0.36937492000000005,0.0827569352599437,10,Quinoa50,10,10,Quinoa50,10,Quinoa50,10
Tenebrio,water_control,Control Seco,Control Seco,A.1,1,control,0,dry,none,12.755333333333333,0.5485183071997988,1.2466666666666668,0.07371114795832,,,1.5785999999999998,0.015256801761837325,,,,10.231550802139036,,,,,,3,52.8,0.9,39.2,4.9,30.7842,107.9183,41.955,32.92,,3.6068,,,,,,A.1,Control,A,,Control,A,Control,A
Tenebrio,water_control,Control Seco,Control Seco,A.1,2,control,0,dry,none,12.755333333333333,0.5485183071997988,1.2466666666666668,0.07371114795832,,,1.5785999999999998,0.015256801761837325,,,,10.231550802139036,,,,,,3,50.4,0.9,36.3,4.5,28.911,113.0333,41.63,32.85,,3.6113,,,,,,A.1,Control,A,,Control,A,Control,A
Tenebrio,water_control,Control Seco,Control Seco,A.1,3,control,0,dry,none,12.755333333333333,0.5485183071997988,1.2466666666666668,0.07371114795832,,,1.5785999999999998,0.015256801761837325,,,,10.231550802139036,,,,,,2.9,56.8,1,38.7,4.8,31.164,108.8076,42.528,29.3,,3.5604,,,,,,A.1,Control,A,,Control,A,Control,A
Tenebrio,water_control,Control Agar,Control Agar,A.2,1,control,0,agar,none,12.755333333333333,0.5485183071997988,1.2466666666666668,0.07371114795832,,,1.5785999999999998,0.015256801761837325,,,,10.231550802139036,,,,,,1.5,96.1,1.7,47,5.9,65.0175,94.071,36.031,36.88,,3.4367,,,,,,A.2,Control,A,,Control,A,Control,A
Tenebrio,water_control,Control Agar,Control Agar,A.2,2,control,0,agar,none,12.755333333333333,0.5485183071997988,1.2466666666666668,0.07371114795832,,,1.5785999999999998,0.015256801761837325,,,,10.231550802139036,,,,,,1.6,109.2,1.9,51.2,6.4,64.5008,86.6156,36.036,35.66,,3.4697,,,,,,A.2,Control,A,,Control,A,Control,A
Tenebrio,water_control,Control Agar,Control Agar,A.2,3,control,0,agar,none,12.755333333333333,0.5485183071997988,1.2466666666666668,0.07371114795832,,,1.5785999999999998,0.015256801761837325,,,,10.231550802139036,,,,,,1.6,106.5,1.9,49.3,6.2,63.4782,90.1928,36.739,36.02,,3.39,,,,,,A.2,Control,A,,Control,A,Control,A
Tenebrio,water_control,Control Humedad superf,Control Humedad superf,A.3,1,control,0,humidity,none,12.755333333333333,0.5485183071997988,1.2466666666666668,0.07371114795832,,,1.5785999999999998,0.015256801761837325,,,,10.231550802139036,,,,,,2.5,61.2,1.1,42,5.2,37.771,102.984,39.017,36.98,,3.3523,,,,,,A.3,Control,A,,Control,A,Control,A
Tenebrio,water_control,Control Humedad superf,Control Humedad superf,A.3,2,control,0,humidity,none,12.755333333333333,0.5485183071997988,1.2466666666666668,0.07371114795832,,,1.5785999999999998,0.015256801761837325,,,,10.231550802139036,,,,,,2.5,64.1,1.1,41.6,5.2,36.7022,103.8771,38.168,37.73,,3.4177,,,,,,A.3,Control,A,,Control,A,Control,A
Tenebrio,water_control,Control Humedad superf,Control Humedad superf,A.3,3,control,0,humidity,none,12.755333333333333,0.5485183071997988,1.2466666666666668,0.07371114795832,,,1.5785999999999998,0.015256801761837325,,,,10.231550802139036,,,,,,2.6,63.4,1.1,40.4,5.1,34.7325,105.8419,40.38,37.69,,3.364,,,,,,A.3,Control,A,,Control,A,Control,A
Tenebrio,coffee_orujillo,Posos café liof15,Posos café liof15,B,1,cafe,15,none,lyophilized,12.821983333333334,0.48611447618455644,2.785166666666667,0.12373843437892508,,,1.5444549999999997,0.017135402806091167,,,,4.603668242475016,,,,,,1.2,45.8,0.8,5.7,0.7,15.7943,167.605,48.241,20.13,,5.2175,,,,,,B,Posos café liof15,B,,Posos café liof15,,Posos café liof15,B
Tenebrio,coffee_orujillo,Posos café liof15,Posos café liof15,B,2,cafe,15,none,lyophilized,12.821983333333334,0.48611447618455644,2.785166666666667,0.12373843437892508,,,1.5444549999999997,0.017135402806091167,,,,4.603668242475016,,,,,,1.5,43.9,0.8,5.1,0.6,13.5548,168.3454,53.591,19.83,,5.1366,,,,,,B,Posos café liof15,B,,Posos café liof15,,Posos café liof15,B
Tenebrio,coffee_orujillo,Posos café liof15,Posos café liof15,B,3,cafe,15,none,lyophilized,12.821983333333334,0.48611447618455644,2.785166666666667,0.12373843437892508,,,1.5444549999999997,0.017135402806091167,,,,4.603668242475016,,,,,,1.4,43.1,0.8,5.6,0.7,13.9279,152.7997,,,,,,,,,,B,Posos café liof15,B,,Posos café liof15,,Posos café liof15,B
Tenebrio,coffee_orujillo,Posos café horno15,Posos café horno15,C,1,cafe,15,none,oven,12.872783333333333,0.4834391802504452,2.774166666666667,0.07935776885306196,,,1.5516599999999998,0.01631741571404216,,,,4.640234304595974,,,,,,1.3039544037181197,66.14200000000001,1.2,23.8,3,39.1173,135.3181,39.947,11.53,,3.8289,,,,,,C,Posos café horno15,C,,Posos café horno15,,Posos café horno15,C
Tenebrio,coffee_orujillo,Posos café horno15,Posos café horno15,C,2,cafe,15,none,oven,12.872783333333333,0.4834391802504452,2.774166666666667,0.07935776885306196,,,1.5516599999999998,0.01631741571404216,,,,4.640234304595974,,,,,,1.3039544037181197,62.927000000000014,1.1,23.8,3,39.345,135.4343,40.029,11.31,,3.7066,,,,,,C,Posos café horno15,C,,Posos café horno15,,Posos café horno15,C
Tenebrio,coffee_orujillo,Posos café horno15,Posos café horno15,C,3,cafe,15,none,oven,12.872783333333333,0.4834391802504452,2.774166666666667,0.07935776885306196,,,1.5516599999999998,0.01631741571404216,,,,4.640234304595974,,,,,,1.3039544037181197,58.282999999999994,1,23.7,3,39.3852,134.1643,41.689,11.45,,3.7558,,,,,,C,Posos café horno15,C,,Posos café horno15,,Posos café horno15,C
Tenebrio,coffee_orujillo,Orujillo15,Orujillo15,D,1,orujillo,15,none,none,11.477033333333333,0.48002207047113,2.8546666666666667,0.08279771284305565,,,1.5713099999999998,0.01917877060873487,,,,4.020446053246147,,,,,,1.5,96.5,1.7,49,6.1,64.8915,90.53,35.057,37.39,,3.4048,,,,,,D,Orujillo15,D,,Orujillo15,,Orujillo15,D
Tenebrio,coffee_orujillo,Orujillo15,Orujillo15,D,2,orujillo,15,none,none,11.477033333333333,0.48002207047113,2.8546666666666667,0.08279771284305565,,,1.5713099999999998,0.01917877060873487,,,,4.020446053246147,,,,,,1.5,92.3,1.6,48.3,6,66.358,92.0378,35.084,38.95,,3.4593,,,,,,D,Orujillo15,D,,Orujillo15,,Orujillo15,D
Tenebrio,coffee_orujillo,Orujillo15,Orujillo15,D,3,orujillo,15,none,none,11.477033333333333,0.48002207047113,2.8546666666666667,0.08279771284305565,,,1.5713099999999998,0.01917877060873487,,,,4.020446053246147,,,,,,1.5,95.8,1.7,48.4,6.1,65.048,90.3326,36.171,37.98,,3.519,,,,,,D,Orujillo15,D,,Orujillo15,,Orujillo15,D
Tenebrio,coffee_orujillo,Orujillo30,Orujillo30,E,1,orujillo,30,none,none,10.198733333333331,0.4115258337424613,4.462666666666666,0.09188427772779131,,,1.5640199999999997,0.023100739455632416,,,,2.285345085150881,,,,,,1.4,90.8,1.6,42.3,5.3,60.43,102.4379,33.932,41.32,,3.6183,,,,,,E,Orujillo30,E,,Orujillo30,,Orujillo30,E
Tenebrio,coffee_orujillo,Orujillo30,Orujillo30,E,2,orujillo,30,none,none,10.198733333333331,0.4115258337424613,4.462666666666666,0.09188427772779131,,,1.5640199999999997,0.023100739455632416,,,,2.285345085150881,,,,,,1.4,82.5,1.5,43.2,5.4,61.4848,100.6617,33.19,41.66,,3.4819,,,,,,E,Orujillo30,E,,Orujillo30,,Orujillo30,E
Tenebrio,coffee_orujillo,Orujillo30,Orujillo30,E,3,orujillo,30,none,none,10.198733333333331,0.4115258337424613,4.462666666666666,0.09188427772779131,,,1.5640199999999997,0.023100739455632416,,,,2.285345085150881,,,,,,1.4,88.7,1.6,41.7,5.2,59.9231,102.7239,32.492,42.02,,3.4894,,,,,,E,Orujillo30,E,,Orujillo30,,Orujillo30,E
Tenebrio,coffee_orujillo,Orujillo50,Orujillo50,F,1,orujillo,50,none,none,8.494333333333334,0.32019751810423636,6.6066666666666665,0.10399969757410552,,,1.5543,0.02833003125149581,,,,1.2857214934409689,,,,,,1.3,66.6,1.2,30.9,3.9,49.8585,122.38,32.866,48.28,,3.5825,,,,,,F,Orujillo50,F,,Orujillo50,,Orujillo50,F
Tenebrio,coffee_orujillo,Orujillo50,Orujillo50,F,2,orujillo,50,none,none,8.494333333333334,0.32019751810423636,6.6066666666666665,0.10399969757410552,,,1.5543,0.02833003125149581,,,,1.2857214934409689,,,,,,1.3,72.5,1.3,32.4,4.1,51.2783,119.8541,32.238,44.56,,3.548,,,,,,F,Orujillo50,F,,Orujillo50,,Orujillo50,F
Tenebrio,coffee_orujillo,Orujillo50,Orujillo50,F,3,orujillo,50,none,none,8.494333333333334,0.32019751810423636,6.6066666666666665,0.10399969757410552,,,1.5543,0.02833003125149581,,,,1.2857214934409689,,,,,,1.6,74,1.3,36.6,4.6,47.5857,112.489,32.492,44.41,,3.4942,,,,,,F,Orujillo50,F,,Orujillo50,,Orujillo50,F
